{
  "experiment_id": "E1a_vdp_fixed_mu",
  "b0_constant_damping_c0": 0.024901056731414146,
  "b1_full_sindy_coefficients": {
    "1": {
      "dx1": 0.0,
      "dx2": 0.0
    },
    "x1": {
      "dx1": 0.0,
      "dx2": -1.0000000000000002
    },
    "x2": {
      "dx1": 1.0000000000000002,
      "dx2": 2.0000000000000053
    },
    "x1^2": {
      "dx1": 0.0,
      "dx2": 0.0
    },
    "x1*x2": {
      "dx1": 0.0,
      "dx2": 0.0
    },
    "x2^2": {
      "dx1": 0.0,
      "dx2": 0.0
    },
    "x1^3": {
      "dx1": 0.0,
      "dx2": 0.0
    },
    "x1^2*x2": {
      "dx1": 0.0,
      "dx2": -2.0000000000000004
    },
    "x1*x2^2": {
      "dx1": 0.0,
      "dx2": 0.0
    },
    "x2^3": {
      "dx1": 0.0,
      "dx2": 0.0
    }
  },
  "b2_residual_sindy_coefficients": {
    "1": {
      "r1": 0.0,
      "r2": 0.0
    },
    "x1": {
      "r1": 0.0,
      "r2": 0.0
    },
    "x2": {
      "r1": 0.0,
      "r2": 1.975098943268583
    },
    "x1^2": {
      "r1": 0.0,
      "r2": 0.0
    },
    "x1*x2": {
      "r1": 0.0,
      "r2": 0.0
    },
    "x2^2": {
      "r1": 0.0,
      "r2": 0.0
    },
    "x1^3": {
      "r1": 0.0,
      "r2": 0.0
    },
    "x1^2*x2": {
      "r1": 0.0,
      "r2": -2.0
    },
    "x1*x2^2": {
      "r1": 0.0,
      "r2": 0.0
    },
    "x2^3": {
      "r1": 0.0,
      "r2": 0.0
    }
  },
  "b3_coefficients": {
    "x1^0": 1.9999999999999967,
    "x1^1": 0.0,
    "x1^2": -1.9999999999999996,
    "x1^3": 0.0,
    "x1^4": 0.0
  },
  "expected_coefficients": {
    "x1^0": 2.0,
    "x1^2": -2.0
  },
  "active_term_counts": {
    "B1_full_sindy": 4,
    "B2_free_residual_sindy": 2,
    "B3_slot_constrained": 2
  },
  "rollout_nrmse": {
    "train_interval": {
      "B0_constant_coefficient": {
        "all": 0.6805449598714474,
        "x1": 0.6484858136044918,
        "x2": 0.7142771546712975
      },
      "B1_full_sindy": {
        "all": 3.368293528681653e-13,
        "x1": 2.7367223235819223e-14,
        "x2": 4.795017509466194e-13
      },
      "B2_free_residual_sindy": {
        "all": 3.0512288138561228e-15,
        "x1": 1.7437115784020185e-15,
        "x2": 3.9762211694503615e-15
      },
      "B3_slot_constrained": {
        "all": 3.1849821280683064e-15,
        "x1": 1.934584890471902e-15,
        "x2": 4.0970625260424575e-15
      },
      "B4_oracle_reference": {
        "all": 0.0,
        "x1": 0.0,
        "x2": 0.0
      }
    },
    "future_interval": {
      "B0_constant_coefficient": {
        "all": 1.3389378653348174,
        "x1": 1.3598017527906796,
        "x2": 1.3238678321487345
      },
      "B1_full_sindy": {
        "all": 6.646501738534635e-13,
        "x1": 8.350368241146572e-14,
        "x2": 9.111840683803782e-13
      },
      "B2_free_residual_sindy": {
        "all": 9.116751591890377e-15,
        "x1": 5.438840268915708e-15,
        "x2": 1.1450232101339314e-14
      },
      "B3_slot_constrained": {
        "all": 6.281387506931786e-15,
        "x1": 3.713971708184304e-15,
        "x2": 7.903135551671416e-15
      },
      "B4_oracle_reference": {
        "all": 0.0,
        "x1": 0.0,
        "x2": 0.0
      }
    },
    "full_rollout": {
      "B0_constant_coefficient": {
        "all": 1.0699461994380244,
        "x1": 1.062056227182507,
        "x2": 1.080651741164666
      },
      "B1_full_sindy": {
        "all": 5.308335335014166e-13,
        "x1": 6.209727155840846e-14,
        "x2": 7.402916304432532e-13
      },
      "B2_free_residual_sindy": {
        "all": 6.892720658337726e-15,
        "x1": 4.036536732984786e-15,
        "x2": 8.8040215485686e-15
      },
      "B3_slot_constrained": {
        "all": 5.017230469429148e-15,
        "x1": 2.9499120408421436e-15,
        "x2": 6.4033514093624315e-15
      },
      "B4_oracle_reference": {
        "all": 0.0,
        "x1": 0.0,
        "x2": 0.0
      }
    }
  },
  "coefficient_function": {
    "grid_rmse": 2.421915838643552e-15,
    "grid_nrmse": 4.49799912045905e-16,
    "active_degrees": [
      0,
      2
    ],
    "expected_degrees": [
      0,
      2
    ],
    "support_precision": 1.0,
    "support_recall": 1.0
  }
}