term,degree,b3_coefficient,expected_coefficient,abs_error,active
x1^0,0,0.2000000000000001,0.2,5.551115123125783e-17,True
x1^1,1,0,0,0,False
x1^2,2,0.9999999999999989,1,1.110223024625157e-15,True
x1^3,3,0,0,0,False
x1^4,4,0,0,0,False
