record,split,sample_count,u_shape,y_shape,sampling_time_s,state_initialization_window_length,u_mean,u_std,u_min,u_max,y_mean,y_std,y_min,y_max
train_val,train_val,65062,"(65062,)","(65062,)",0.0016384041943147375,,0.006142380733678717,0.022210311585621843,-0.08931886802374502,0.10140027374826022,0.0007860185372262017,0.054543655886917744,-0.21384534476118278,0.2163327680143353
test_multisine,test,21688,"(21688,)","(21688,)",0.0016384041943147375,50,0.006271588526386835,0.022213753997506195,-0.0816928493677813,0.09443282078351477,0.0009503230302331817,0.05427786058473945,-0.2280732329903054,0.23120895801653968
test_arrow_full,test,40475,"(40475,)","(40475,)",0.0016384041943147375,50,0.006190694209986429,0.022296071128178933,-0.12315043861930608,0.14944989893682067,0.0007754583683839833,0.053448636230202184,-0.3002784466916288,0.27576174843098267
test_arrow_no_extrapolation,test,32000,"(32000,)","(32000,)",0.0016384041943147375,50,0.006215306127548724,0.01767064712072592,-0.08748562437861693,0.10105800884845084,0.0007881185579564433,0.042976037822600455,-0.23228469313182284,0.2282511817304301
