{
  "experiment_id": "SB2b_silverbox_windowed_output_error",
  "linear_model": {
    "model": "windowed_linear",
    "success": false,
    "status": 0,
    "message": "The maximum number of function evaluations is exceeded.",
    "nfev": 45,
    "cost": 286.91619008516204,
    "c": 49.968419269450806,
    "k": 1.62023854744127,
    "b": -112.23445067219757,
    "x20_fit_mean": -0.12356190579070232,
    "x20_fit_std": 1.9566447373960085,
    "b_scale": 11.824968512998186,
    "params_scaled": [
      3.9113911912646224,
      0.4825733899108105,
      -9.491310742081701
    ]
  },
  "slot_model": {
    "model": "windowed_slot",
    "start": "beta2_scaled_0",
    "success": false,
    "status": 0,
    "message": "The maximum number of function evaluations is exceeded.",
    "nfev": 35,
    "cost": 286.909124506271,
    "c": 49.13645317611855,
    "beta0": 1.0563923383697993,
    "beta2": -3909.8238786912752,
    "beta2_scaled": -0.17499273598602952,
    "b": -115.51542933974889,
    "x20_fit_mean": -0.12216994308088225,
    "x20_fit_std": 1.9297087941191047,
    "b_scale": 11.824968512998186,
    "beta2_scale": 22342.778153965286,
    "params_scaled": [
      3.894601186549915,
      0.05485964883010159,
      -0.17499273598602952,
      -9.768772678994669
    ]
  },
  "slot_candidate_starts": [
    {
      "model": "windowed_slot",
      "start": "beta2_scaled_0",
      "success": false,
      "status": 0,
      "message": "The maximum number of function evaluations is exceeded.",
      "nfev": 35,
      "cost": 286.909124506271,
      "c": 49.13645317611855,
      "beta0": 1.0563923383697993,
      "beta2": -3909.8238786912752,
      "beta2_scaled": -0.17499273598602952,
      "b": -115.51542933974889,
      "x20_fit_mean": -0.12216994308088225,
      "x20_fit_std": 1.9297087941191047,
      "b_scale": 11.824968512998186,
      "beta2_scale": 22342.778153965286,
      "params_scaled": [
        3.894601186549915,
        0.05485964883010159,
        -0.17499273598602952,
        -9.768772678994669
      ]
    }
  ],
  "summary_by_record_model": [
    {
      "record": "train_fit",
      "split": "internal_fit",
      "model": "windowed_linear",
      "n_windows": 12,
      "window_length": 300,
      "n_init": 50,
      "forecast_horizon": 250,
      "mean_rmse_mv": 54.524878076532794,
      "median_rmse_mv": 55.01852645211454,
      "std_rmse_mv": 7.599657369448805,
      "mean_nrmse": 1.0205867608831578,
      "median_nrmse": 1.0055774537192197,
      "stable_fraction": 1.0,
      "improvement_vs_windowed_linear_percent": ""
    },
    {
      "record": "train_fit",
      "split": "internal_fit",
      "model": "windowed_slot",
      "n_windows": 12,
      "window_length": 300,
      "n_init": 50,
      "forecast_horizon": 250,
      "mean_rmse_mv": 54.57281028102724,
      "median_rmse_mv": 55.05781618140037,
      "std_rmse_mv": 7.644818322724145,
      "mean_nrmse": 1.021433793355714,
      "median_nrmse": 1.0057759774063664,
      "stable_fraction": 1.0,
      "improvement_vs_windowed_linear_percent": -0.08790887056577146
    },
    {
      "record": "validation",
      "split": "internal_validation",
      "model": "windowed_linear",
      "n_windows": 8,
      "window_length": 300,
      "n_init": 50,
      "forecast_horizon": 250,
      "mean_rmse_mv": 54.5119523068273,
      "median_rmse_mv": 52.103254483477365,
      "std_rmse_mv": 7.090443293556303,
      "mean_nrmse": 1.0236907283219723,
      "median_nrmse": 1.0189772822942844,
      "stable_fraction": 1.0,
      "improvement_vs_windowed_linear_percent": ""
    },
    {
      "record": "validation",
      "split": "internal_validation",
      "model": "windowed_slot",
      "n_windows": 8,
      "window_length": 300,
      "n_init": 50,
      "forecast_horizon": 250,
      "mean_rmse_mv": 54.56444442141571,
      "median_rmse_mv": 52.126622967601676,
      "std_rmse_mv": 7.076352144222576,
      "mean_nrmse": 1.0247828457895602,
      "median_nrmse": 1.019992499055949,
      "stable_fraction": 1.0,
      "improvement_vs_windowed_linear_percent": -0.09629468835192759
    },
    {
      "record": "test_multisine",
      "split": "official_test",
      "model": "windowed_linear",
      "n_windows": 8,
      "window_length": 300,
      "n_init": 50,
      "forecast_horizon": 250,
      "mean_rmse_mv": 54.001246937014685,
      "median_rmse_mv": 54.329604631223305,
      "std_rmse_mv": 6.2946122298052405,
      "mean_nrmse": 1.016644643956016,
      "median_nrmse": 1.005458141708903,
      "stable_fraction": 1.0,
      "improvement_vs_windowed_linear_percent": ""
    },
    {
      "record": "test_multisine",
      "split": "official_test",
      "model": "windowed_slot",
      "n_windows": 8,
      "window_length": 300,
      "n_init": 50,
      "forecast_horizon": 250,
      "mean_rmse_mv": 54.03933767922086,
      "median_rmse_mv": 54.447837364920986,
      "std_rmse_mv": 6.286666553128043,
      "mean_nrmse": 1.017404944081613,
      "median_nrmse": 1.0056031515219905,
      "stable_fraction": 1.0,
      "improvement_vs_windowed_linear_percent": -0.0705367826980001
    },
    {
      "record": "test_arrow_full",
      "split": "official_test",
      "model": "windowed_linear",
      "n_windows": 8,
      "window_length": 300,
      "n_init": 50,
      "forecast_horizon": 250,
      "mean_rmse_mv": 46.539685953148066,
      "median_rmse_mv": 48.672503452045206,
      "std_rmse_mv": 26.66458024077006,
      "mean_nrmse": 1.0292604259242952,
      "median_nrmse": 1.0052877204615431,
      "stable_fraction": 1.0,
      "improvement_vs_windowed_linear_percent": ""
    },
    {
      "record": "test_arrow_full",
      "split": "official_test",
      "model": "windowed_slot",
      "n_windows": 8,
      "window_length": 300,
      "n_init": 50,
      "forecast_horizon": 250,
      "mean_rmse_mv": 46.68364782292377,
      "median_rmse_mv": 48.69048042081234,
      "std_rmse_mv": 26.836589558915822,
      "mean_nrmse": 1.0313651451840276,
      "median_nrmse": 1.0057187098888218,
      "stable_fraction": 1.0,
      "improvement_vs_windowed_linear_percent": -0.30933141646170326
    },
    {
      "record": "test_arrow_no_extrapolation",
      "split": "official_test",
      "model": "windowed_linear",
      "n_windows": 8,
      "window_length": 300,
      "n_init": 50,
      "forecast_horizon": 250,
      "mean_rmse_mv": 39.231029255575656,
      "median_rmse_mv": 41.032647084702155,
      "std_rmse_mv": 24.658144925285733,
      "mean_nrmse": 1.0244378792868165,
      "median_nrmse": 1.0136245931475343,
      "stable_fraction": 1.0,
      "improvement_vs_windowed_linear_percent": ""
    },
    {
      "record": "test_arrow_no_extrapolation",
      "split": "official_test",
      "model": "windowed_slot",
      "n_windows": 8,
      "window_length": 300,
      "n_init": 50,
      "forecast_horizon": 250,
      "mean_rmse_mv": 39.28696585635701,
      "median_rmse_mv": 41.11346355261169,
      "std_rmse_mv": 24.68830471428923,
      "mean_nrmse": 1.0256898893121793,
      "median_nrmse": 1.0142090632469745,
      "stable_fraction": 1.0,
      "improvement_vs_windowed_linear_percent": -0.14258254713875743
    }
  ]
}