bin,abs_v_low,abs_v_high,gain_value
0,0,0.18,0.1502042082509195
1,0.18,0.38,0.2477671197940793
2,0.38,0.7,0.3785873645312081
3,0.7,1.1,0.5112394905523028
