bin,abs_theta_low,abs_theta_high,gain_value
0,0,0.35,0.9873687781183522
1,0.35,0.7,0.9500052580458875
2,0.7,1.05,0.8924700841447317
